Game,Category / Content Type,Description / Context / Character Limits,"English Text to be translated

(en_US)",loc_key,"Languages
(List language codes)",Sign Off Status,"Arabic

(ar_EG)","German

(de_DE)","Spanish (Spain)

(es_ES)","French (France)

(fr_FR)","Hindi

(hi_IN)","Indonesian

(id_ID)","Italian

(it_IT)","Japanese

(ja_JP)","Korean

(ko_KR)","Dutch

(nl_NL)","Portuguese (Brazil)

(pt_BR)","Russian

(ru_RU)","Turkish

(tr_TR)"
High Heels,PN,,"These new heels LIT! ğŸ”¥ğŸ”¥
Keepâ€™em as high as you can!",,"(13) ar_EG, de_DE, es_ES, fr_FR, hi_IN, id_ID, it_IT, ja_JP, ko_KR, nl_NL, pt_BR, ru_RU, tr_TR",4a. Signed Off,"Ù‡Ø°Ù‡ Ø§Ù„ÙƒØ¹ÙˆØ¨ Ø§Ù„Ø¬Ø¯ÙŠØ¯Ø© Ø±Ø§Ø¦Ø¹Ø©!ğŸ”¥ğŸ”¥
Ø§Ø±ÙØ¹ÙŠÙ‡Ù… Ù‚Ø¯Ø± Ø§Ù„Ø¥Ù…ÙƒØ§Ù†!","Diese neuen Schuhe sind COOL! ğŸ”¥ğŸ”¥
Sieh zu, dass sie mÃ¶glichst hoch bleiben!","Â¡Estos nuevos tacones son alucinantes! ğŸ”¥ğŸ”¥
Llega tan alto como puedas con ellos.","Ces nouveaux talons sont EXTRAS ! ğŸ”¥ğŸ”¥
Garde-les aussi hauts que possible !","à¤¯à¥‡ à¤¨à¤ˆ à¤¹à¥€à¤²à¥à¤¸ à¤•à¤¿à¤¤à¤¨à¥€ à¤¬à¥à¤¿à¤¯à¤¾ à¤¹à¥ˆà¤‚! ğŸ”¥ğŸ”¥
à¤‡à¤¨à¥à¤¹à¥‡à¤‚ à¤œà¤¿à¤¤à¤¨à¤¾ à¤Šà¤‚à¤šà¤¾ à¤°à¤– à¤¸à¤•à¤¤à¥€ à¤¹à¥‹ à¤‰à¤¤à¤¨à¤¾ à¤°à¤–à¥‹!","Sepatu baru ini KEREN! ğŸ”¥ğŸ”¥
Jagalah setinggi mungkin!","Questi nuovi tacchi SI ILLUMINANO! ğŸ”¥ğŸ”¥
Rendili piÃ¹ alti che puoi!","ãƒ”ã‚«ãƒ”ã‚«ã®æ–°ã—ã„ãƒã‚¤ãƒ’ãƒ¼ãƒ«ï¼ğŸ”¥ğŸ”¥
ä½•åè¶³ã‚‚é‡ã­ã¦æ­©ãã®ã‚ˆï¼","ìƒˆ í ì •ë§ ì£½ì´ëŠ”ë°! ğŸ”¥ğŸ”¥
ìµœëŒ€í•œ ë†’ì´ ìœ ì§€í•´!","Deze nieuwe hakken zijn LIT! ğŸ”¥ğŸ”¥
Hou ze zo hoog als je kunt!","Esses sapatos novos sÃ£o TUDO! ğŸ”¥ğŸ”¥
VÃ¡ mais alto com eles!","Ğ­Ñ‚Ğ¸ Ğ½Ğ¾Ğ²Ñ‹Ğµ ĞºĞ°Ğ±Ğ»ÑƒĞºĞ¸ Ğ–Ğ“Ğ£Ğ¢! ğŸ”¥ğŸ”¥
ĞĞ°Ğ±ĞµÑ€Ğ¸Ñ‚Ğµ Ğ¼Ğ°ĞºÑĞ¸Ğ¼Ğ°Ğ»ÑŒĞ½ÑƒÑ Ğ²Ñ‹ÑĞ¾Ñ‚Ñƒ!","Bu yeni topuklular YAKIYOR! ğŸ”¥ğŸ”¥
TopuklarÄ±n olabildiÄŸince yÃ¼ksek olsun!"
High Heels,PN,,"ITâ€™S TIME TO RUN! ğŸƒâ€â™€ï¸ğŸƒâ€â™€ï¸
Once you up, you canâ€™t stop! â¤ï¸â¤ï¸",,"(13) ar_EG, de_DE, es_ES, fr_FR, hi_IN, id_ID, it_IT, ja_JP, ko_KR, nl_NL, pt_BR, ru_RU, tr_TR",4a. Signed Off,"Ø­Ø§Ù† ÙˆÙ‚Øª Ø§Ù„Ø±ÙƒØ¶!
Ø¨Ù…Ø¬Ø±Ø¯ Ø§Ù„Ø¨Ø¯Ø¡ØŒ Ù„Ø§ ÙŠÙ…ÙƒÙ† Ø§Ù„ØªÙˆÙ‚Ù! â¤ï¸â¤ï¸","ZEIT ZU LAUFEN! ğŸƒâ€â™€ï¸ğŸƒâ€â™€ï¸
Einmal begonnen, kannst du nicht mehr aufhÃ¶ren! â¤ï¸â¤ï¸","Â¡Es hora de correr! ğŸƒâ€â™€ï¸ğŸƒâ€â™€ï¸
Una vez arriba, Â¡nadie podrÃ¡ pararte! â¤ï¸â¤ï¸","IL EST TEMPS DE COURIR ! ğŸƒâ€â™€ï¸ğŸƒâ€â™€ï¸
Impossible de t'arrÃªter aprÃ¨s avoir commencÃ© ! â¤ï¸â¤ï¸","à¤¦à¥Œà¥œ à¤²à¤—à¤¾à¤¨à¥‡ à¤•à¤¾ à¤¯à¤¹à¥€ à¤¸à¤®à¤¯ à¤¹à¥ˆ! ğŸƒâ€â™€ï¸ğŸƒâ€â™€ï¸ 
à¤à¤• à¤¬à¤¾à¤° à¤¶à¥à¤°à¥‚ à¤•à¤°à¤¨à¥‡ à¤•à¥‡ à¤¬à¤¾à¤¦ à¤†à¤ª à¤–à¥à¤¦ à¤•à¥‹ à¤°à¥‹à¤• à¤¹à¥€ à¤¨à¤¹à¥€à¤‚ à¤ªà¤¾à¤à¤‚à¤—à¥‡! â¤ï¸â¤ï¸","WAKTUNYA LARI! ğŸƒâ€â™€ï¸ğŸƒâ€â™€ï¸
Begitu berdiri, tidak bisa berhenti! â¤ï¸â¤ï¸","Ãˆ ORA DI CORRERE! ğŸƒâ€â™€ï¸ğŸƒâ€â™€ï¸
Una volta che cominci, non puoi fermarti! â¤ï¸â¤ï¸","ãƒ©ãƒ³ã‚¦ã‚§ã‚¤ã‚’æ­©ãã¾ã—ã‚‡ã†ï¼ ğŸƒâ€â™€ï¸ğŸƒâ€â™€ï¸
ã‚‚ã†èª°ã«ã‚‚æ­¢ã‚ã‚‰ã‚Œãªã„ã‚ï¼ â¤ï¸â¤ï¸","ë‹¬ë¦´ ë•Œì•¼! ğŸƒâ€â™€ï¸ğŸƒâ€â™€ï¸
ì¼ë‹¨ ë†’ì´ë©´ ë©ˆì¶œ ìˆ˜ ì—†ì§€! â¤ï¸â¤ï¸","HET IS TIJD OM TE RENNEN! ğŸƒâ€â™€ï¸ğŸƒâ€â™€ï¸
Hogerop zonder te stoppen! â¤ï¸â¤ï¸","HORA DE CORRER! ğŸƒâ€â™€ï¸ğŸƒâ€â™€ï¸
Depois de subir no salto, nÃ£o dÃ¡ para parar! â¤ï¸â¤ï¸","ĞŸĞĞ Ğ ĞŸĞ ĞĞ‘Ğ•Ğ–ĞĞ¢Ğ¬Ğ¡Ğ¯! ğŸƒâ€â™€ï¸ğŸƒâ€â™€ï¸
ĞšĞ°Ğº Ğ½Ğ°Ñ‡Ğ½ĞµÑ‚Ğµ, Ğ½Ğµ Ğ¾ÑÑ‚Ğ°Ğ½Ğ°Ğ²Ğ»Ğ¸Ğ²Ğ°Ğ¹Ñ‚ĞµÑÑŒ! â¤ï¸â¤ï¸","KOÅMA VAKTÄ°! ğŸƒâ€â™€ï¸ğŸƒâ€â™€ï¸ 
Bir kez giydin mi duramazsÄ±n! â¤ï¸â¤ï¸"
High Heels,PN,,"Who says YOU CANâ€™T? ğŸ™…â€â™€ï¸ğŸ™…â€â™€ï¸
Put your heels on and CHANGE THE WORLD! ğŸ’ªğŸ’ª",,"(13) ar_EG, de_DE, es_ES, fr_FR, hi_IN, id_ID, it_IT, ja_JP, ko_KR, nl_NL, pt_BR, ru_RU, tr_TR",4a. Signed Off,"Ù…Ù† ÙŠÙ…ÙƒÙ†Ù‡ Ù‚ÙˆÙ„ Ø¥Ù†ÙƒÙ Ù„Ø§ ØªØ³ØªØ·ÙŠØ¹ÙŠÙ†ØŸ 
Ø§Ø±ØªØ¯ÙŠ ÙƒØ¹ÙˆØ¨ÙƒÙØŒ ÙˆØºÙŠØ±ÙŠ Ø§Ù„Ø¹Ø§Ù„Ù…! ğŸ’ªğŸ’ª","Wer sagt, DU KANNST ES NICHT?  ğŸ™…â€â™€ï¸ğŸ™…â€â™€ï¸
Zieh deine Schuhe an und VERÃ„NDERE DIE WELT! ğŸ’ªğŸ’ª","Â¿QuiÃ©n dice que no puedes? ğŸ™…â€â™€ï¸ğŸ™…â€â™€ï¸
Ponte los tacones Â¡y cambia el mundo! ğŸ’ªğŸ’ª","Qui a dit que tu n'en Ã©tais pas capable ? ğŸ™…â€â™€ï¸ğŸ™…â€â™€ï¸
Enfile tes talons et change le monde ! ğŸ’ªğŸ’ª","à¤•à¥Œà¤¨ à¤•à¤¹à¤¤à¤¾ à¤¹à¥ˆ à¤†à¤ªà¤¸à¥‡ à¤¨à¤¹à¥€à¤‚ à¤¹à¥‹à¤—à¤¾? ğŸ™…â€â™€ï¸ğŸ™…â€â™€ï¸
à¤…à¤ªà¤¨à¥€ à¤¹à¥€à¤²à¥à¤¸ à¤ªà¤¹à¤¨à¥‡à¤‚ à¤”à¤° à¤¦à¥à¤¨à¤¿à¤¯à¤¾ à¤®à¥‡à¤‚ à¤¬à¤¦à¤²à¤¾à¤µ à¤²à¤¾à¤à¤‚! ğŸ’ªğŸ’ª","Siapa yang bilang TIDAK BISA? ğŸ™…â€â™€ï¸ğŸ™…â€â™€ï¸
Pakai sepatu hak tinggi dan UBAH DUNIA! ğŸ’ªğŸ’ª","Chi dice che NON PUOI FARCELA? ğŸ™…â€â™€ï¸ğŸ™…â€â™€ï¸
Mettiti i tacchi e CAMBIA IL MONDO! ğŸ’ªğŸ’ª","ä¸å¯èƒ½ãªã“ã¨ãªã‚“ã¦ãªã„ã‚ï¼ ğŸ™…â€â™€ï¸ğŸ™…â€â™€ï¸
ãƒã‚¤ãƒ’ãƒ¼ãƒ«ã‚’å±¥ã„ã¦ã€ä¸–ç•Œã‚’å¤‰ãˆã¾ã—ã‚‡ã†ï¼ ğŸ’ªğŸ’ª","ëˆ„ê°€ ì•ˆëœë‹¤ê³  í•´?  ğŸ™…â€â™€ï¸ğŸ™…â€â™€ï¸
íì„ ì‹ ê³  ì„¸ìƒì„ ë°”ê¿” ë´! ğŸ’ªğŸ’ª","Wie zegt dat JE HET NIET KUNT? ğŸ™…â€â™€ï¸ğŸ™…â€â™€ï¸
Trek je hakken aan en VERANDER DE WERELD! ğŸ’ªğŸ’ª","Quem disse que vocÃª NÃƒO consegue? ğŸ™…â€â™€ï¸ğŸ™…â€â™€ï¸
Hora de subir no salto e MUDAR O MUNDO! ğŸ’ªğŸ’ª","ĞšÑ‚Ğ¾ Ğ³Ğ¾Ğ²Ğ¾Ñ€Ğ¸Ñ‚, Ñ‡Ñ‚Ğ¾ ĞĞ• Ğ’Ğ«Ğ™Ğ”Ğ•Ğ¢? ğŸ™…â€â™€ï¸ğŸ™…â€â™€ï¸
ĞĞ°Ğ´ĞµĞ²Ğ°Ğ¹Ñ‚Ğµ ĞºĞ°Ğ±Ğ»ÑƒĞºĞ¸ Ğ¸ ĞœĞ•ĞĞ¯Ğ™Ğ¢Ğ• ĞœĞ˜Ğ ! ğŸ’ªğŸ’ª","YAPAMAYACAÄINI kim sÃ¶ylÃ¼yor? ğŸ™…â€â™€ï¸ğŸ™…â€â™€ï¸
TopuklularÄ±nÄ± giy ve DÃœNYAYI DEÄÄ°ÅTÄ°R! ğŸ’ªğŸ’ª"
High Heels,PN,"First lines are titles and the second lines are descriptions.
Character limits should be:
Title: ~50 characters
Description: ~150 characters","Sky's the limit! ğŸš€ğŸŒˆ
Put on your heels and reach for the stars! ğŸ‘ ğŸŒŸ",,"(13) ar_EG, de_DE, es_ES, fr_FR, hi_IN, id_ID, it_IT, ja_JP, ko_KR, nl_NL, pt_BR, ru_RU, tr_TR",4b.  Testing Waived,"Ù„Ø§ Ø­Ø¯ÙˆØ¯ Ù„Ù„Ù†Ø¬Ø§Ø­! ğŸš€ğŸŒˆ
Ø§Ø±ØªØ¯Ù ÙƒØ¹ÙˆØ¨Ùƒ ÙˆØ§Ø¬Ø¹Ù„ Ø·Ù…ÙˆØ­Ø§ØªÙƒ ØªØµÙ„ Ø¥Ù„Ù‰ Ø§Ù„Ù†Ø¬ÙˆÙ…! ğŸ‘ ğŸŒŸ","Es gibt keine Grenzen! ğŸš€ğŸŒˆ
Zieh deine High Heels an und greife nach den Sternen! ğŸ‘ ğŸŒŸ","Â¡El lÃ­mite es el cielo! ğŸš€ğŸŒˆ
Ponte los tacones Â¡y alcanza las estrellas! ğŸ‘ ğŸŒŸ","La limite, c'est le ciel ! ğŸš€ğŸŒˆ
Enfilez vos talons et visez les Ã©toiles ! ğŸ‘ ğŸŒŸ","à¤•à¥‹à¤ˆ à¤¸à¥€à¤®à¤¾ à¤¨à¤¹à¥€à¤‚! ğŸš€ğŸŒˆ
à¤…à¤ªà¤¨à¥€ à¤¹à¥€à¤²à¥à¤¸ à¤ªà¤¹à¤¨à¥‡à¤‚ à¤”à¤° à¤¤à¤¾à¤°à¥‹à¤‚ à¤¤à¤• à¤ªà¤¹à¥à¤‚à¤š à¤œà¤¾à¤à¤‚! ğŸ‘ ğŸŒŸ","Langit adalah batasnya! ğŸš€ğŸŒˆ
Kenakan hak tinggi dan gapai bintang! ğŸ‘ ğŸŒŸ","Unico limite: il cielo! ğŸš€ğŸŒˆ
Indossa i tacchi e parti! ğŸ‘ ğŸŒŸ","å¯èƒ½æ€§ã¯ç„¡é™å¤§ï¼ğŸš€ğŸŒˆ
ãƒã‚¤ãƒ’ãƒ¼ãƒ«ã‚’å±¥ã„ã¦ã€ä¸å¯èƒ½ã‚’å¯èƒ½ã«ã—ã¾ã—ã‚‡ã†ï¼ğŸ‘ ğŸŒŸ","í•œê³„ëŠ” í•˜ëŠ˜ ë¿! ğŸš€ğŸŒˆ
íì„ ì‹ ê³  ë³„ì— ë„ë‹¬í•´ë³´ì„¸ìš”! ğŸ‘ ğŸŒŸ","Alles is mogelijk! ğŸš€ğŸŒˆ
Trek je hakken aan en reik naar de sterren! ğŸ‘ ğŸŒŸ","O cÃ©u Ã© o limite! ğŸš€ğŸŒˆ
Suba no salto e tente alcanÃ§ar as estrelas! ğŸ‘ ğŸŒŸ","Ğ’Ñ‹ÑˆĞµ Ñ‚Ğ¾Ğ»ÑŒĞºĞ¾ Ğ·Ğ²ĞµĞ·Ğ´Ñ‹! ğŸš€ğŸŒˆ
ĞĞ°Ğ´ĞµĞ½ÑŒÑ‚Ğµ ĞºĞ°Ğ±Ğ»ÑƒĞºĞ¸ Ğ¸ Ğ´Ğ¾Ñ‚ÑĞ½Ğ¸Ñ‚ĞµÑÑŒ Ğ´Ğ¾ Ğ½Ğ¸Ñ…! ğŸ‘ ğŸŒŸ","Hedef gÃ¶kyÃ¼zÃ¼! ğŸš€ğŸŒˆ
TopuklularÄ±nÄ± giy ve yÄ±ldÄ±zlara uzan! ğŸ‘ ğŸŒŸ"
High Heels,PN,"First lines are titles and the second lines are descriptions.
Character limits should be:
Title: ~50 characters
Description: ~150 characters","Fashion Week is about to END! âŒ›ï¸
Hurry up! Donâ€™t miss your chance to WIN! ğŸ†ğŸ’",,"(13) ar_EG, de_DE, es_ES, fr_FR, hi_IN, id_ID, it_IT, ja_JP, ko_KR, nl_NL, pt_BR, ru_RU, tr_TR",4b.  Testing Waived,"Ù„Ù‚Ø¯ Ø£ÙˆØ´Ùƒ Ø£Ø³Ø¨ÙˆØ¹ Ø§Ù„Ù…ÙˆØ¶Ø© Ø¹Ù„Ù‰ Ø§Ù„Ø§Ù†ØªÙ‡Ø§Ø¡! âŒ›ï¸
Ø£Ø³Ø±Ø¹! Ù„Ø§ ØªÙÙˆÙ‘ÙØª ÙØ±ØµØªÙƒ ÙÙŠ Ø§Ù„ÙÙˆØ²! ğŸ†ğŸ’","Die Fashion Week ENDET bald! âŒ›ï¸
Beeil dich! Verpasse nicht deine GEWINN-Chance! ğŸ†ğŸ’","Â¡La semana de la moda estÃ¡ a punto de terminar! âŒ›ï¸
Â¡Date prisa! Â¡No dejes pasar la oportunidad de ganar! ğŸ†ğŸ’","La semaine de la mode arrive Ã  son terme ! âŒ›ï¸
Faites vite ! Ne manquez pas votre chance de gagner ! ğŸ†ğŸ’","à¤«à¤¼à¥ˆà¤¶à¤¨ à¤µà¥€à¤• à¤¬à¤¸ à¤–à¤¤à¥à¤® à¤¹à¥€ à¤¹à¥‹à¤¨à¥‡ à¤µà¤¾à¤²à¤¾ à¤¹à¥ˆ! âŒ›ï¸
à¤œà¤²à¥à¤¦à¥€ à¤•à¤°à¥‡à¤‚! à¤œà¥€à¤¤à¤¨à¥‡ à¤•à¤¾ à¤®à¥Œà¤•à¤¾ à¤…à¤ªà¤¨à¥‡ à¤¹à¤¾à¤¥ à¤¸à¥‡ à¤¨ à¤œà¤¾à¤¨à¥‡ à¤¦à¥‡à¤‚! ğŸ†ğŸ’","Pekan Mode hampir BERAKHIR! âŒ›ï¸
Bergegaslah! Jangan lewatkan peluang MENANG! ğŸ†ğŸ’","La Fashion Week sta per TERMINARE! âŒ›ï¸
Sbrigati! Non perdere questa occasione di VINCERE! ğŸ†ğŸ’","ãƒ•ã‚¡ãƒƒã‚·ãƒ§ãƒ³ã‚¦ã‚£ãƒ¼ã‚¯çµ‚äº†é–“è¿‘ï¼âŒ›ï¸
æ€¥ã„ã§ï¼ 1ä½ã‚’ç²å¾—ã§ãã‚‹ãƒãƒ£ãƒ³ã‚¹ã‚’ãŠè¦‹é€ƒã—ãªãï¼ğŸ†ğŸ’","íŒ¨ì…˜ ìœ„í¬ê°€ ê³§ ì¢…ë£Œë©ë‹ˆë‹¤! âŒ›ï¸
ì„œë‘ë¥´ì„¸ìš”! ìŠ¹ë¦¬í•  ê¸°íšŒë¥¼ ë†“ì¹˜ì§€ ë§ˆì„¸ìš”! ğŸ†ğŸ’","Fashion Week EINDIGT binnenkort! âŒ›ï¸
Haast je! Loop je kans niet mis om te WINNEN! ğŸ†ğŸ’","A Semana da Moda jÃ¡ vai TERMINAR! âŒ›ï¸
NÃ£o perca tempo! NÃ£o perca a chance de GANHAR! ğŸ†ğŸ’","ĞĞµĞ´ĞµĞ»Ñ Ğ¼Ğ¾Ğ´Ñ‹ ÑĞºĞ¾Ñ€Ğ¾ Ğ·Ğ°ĞºĞ¾Ğ½Ñ‡Ğ¸Ñ‚ÑÑ! âŒ›ï¸
ĞŸĞ¾ÑĞ¿ĞµÑˆĞ¸Ñ‚Ğµ! ĞĞµ ÑƒĞ¿ÑƒÑÑ‚Ğ¸Ñ‚Ğµ ÑˆĞ°Ğ½Ñ Ğ’Ğ«Ğ˜Ğ“Ğ ĞĞ¢Ğ¬! ğŸ†ğŸ’","Moda HaftasÄ± SONA ERMEK Ã¼zere! âŒ›ï¸
Acele et! KAZANMA ÅŸansÄ±nÄ± kaÃ§Ä±rma! ğŸ†ğŸ’"
High Heels,PN,"First lines are titles and the second lines are descriptions.
Character limits should be:
Title: ~50 characters
Description: ~150 characters","New levels are READY! ğŸ‰ğŸ‰
Update the game for a brand new High Heels experience! â¤ï¸â¤ï¸",,"(13) ar_EG, de_DE, es_ES, fr_FR, hi_IN, id_ID, it_IT, ja_JP, ko_KR, nl_NL, pt_BR, ru_RU, tr_TR",4b.  Testing Waived,"Ù…Ø³ØªÙˆÙŠØ§Øª Ø¬Ø¯ÙŠØ¯Ø© Ø¬Ø§Ù‡Ø²Ø©! ğŸ‰ğŸ‰
Ø­Ø¯Ù‘ÙØ« Ø§Ù„Ù„Ø¹Ø¨Ø© Ù„Ù„Ø­ØµÙˆÙ„ Ø¹Ù„Ù‰ ØªØ¬Ø±Ø¨Ø© High Heels Ø¬Ø¯ÙŠØ¯Ø© ÙƒÙ„ÙŠÙ‘Ù‹Ø§! â¤ï¸â¤ï¸","Neue Level sind BEREIT! ğŸ‰ğŸ‰
Aktualisiere das Spiel fÃ¼r ein brandneues High-Heels-Erlebnis! â¤ï¸â¤ï¸","Â¡Hay nuevos niveles listos! ğŸ‰ğŸ‰
Actualiza el juego Â¡y disfruta de una experiencia de High Heels nueva! â¤ï¸â¤ï¸","De nouveaux niveaux sont prÃªts ! ğŸ‰ğŸ‰
Installez la mise Ã  jour pour une toute nouvelle expÃ©rience dans High Heels ! â¤ï¸â¤ï¸","à¤¨à¤ à¤²à¥‡à¤µà¤² à¤¤à¥ˆà¤¯à¤¾à¤° à¤¹à¥ˆà¤‚! ğŸ‰ğŸ‰
à¤¬à¤¿à¤²à¥à¤•à¥à¤² à¤¨à¤ High Heels à¤à¤•à¥à¤¸à¤ªà¥€à¤°à¤¿à¤¯à¤‚à¤¸ à¤•à¥‡ à¤²à¤¿à¤, à¤…à¤ªà¤¨à¤¾ à¤—à¥‡à¤® à¤…à¤ªà¤¡à¥‡à¤Ÿ à¤•à¤°à¥‡à¤‚! â¤ï¸â¤ï¸","Level baru telah SIAP! ğŸ‰ğŸ‰
Perbarui game untuk pengalaman High Heels terbaru! â¤ï¸â¤ï¸","I nuovi livelli sono PRONTI! ğŸ‰ğŸ‰
Aggiorna il gioco per una nuova esperienza High Heels! â¤ï¸â¤ï¸","æ–°ãƒ¬ãƒ™ãƒ«ãŒç™»å ´ï¼ğŸ‰ğŸ‰
ã‚²ãƒ¼ãƒ ã‚’æ›´æ–°ã—ã¦ã€æ–°ã—ã„ã€High Heelsã€ã‚’ãƒ—ãƒ¬ã‚¤ã—ã¾ã—ã‚‡ã†ï¼â¤ï¸â¤ï¸","ìƒˆë¡œìš´ ë ˆë²¨ì´ ì¤€ë¹„ë˜ì—ˆìŠµë‹ˆë‹¤! ğŸ‰ğŸ‰
ê²Œì„ì„ ì—…ë°ì´íŠ¸í•˜ê³  ìƒˆë¡œìš´ High Heelsë¥¼ ê²½í—˜í•˜ì„¸ìš”! â¤ï¸â¤ï¸","Er staat nieuwe levels KLAAR! ğŸ‰ğŸ‰
Update het spel voor een gloednieuwe High Heels-ervaring! â¤ï¸â¤ï¸","Novos nÃ­veis DISPONÃVEIS! ğŸ‰ğŸ‰
Atualize o jogo e descubra uma nova experiÃªncia no High Heels! â¤ï¸â¤ï¸","ĞĞ¾Ğ²Ñ‹Ğµ ÑƒÑ€Ğ¾Ğ²Ğ½Ğ¸ Ğ“ĞĞ¢ĞĞ’Ğ«! ğŸ‰ğŸ‰
ĞĞ±Ğ½Ğ¾Ğ²Ğ¸Ñ‚Ğµ Ğ¸Ğ³Ñ€Ñƒ High Heels, Ñ‡Ñ‚Ğ¾Ğ±Ñ‹ Ğ¿Ğ¾Ğ»ÑƒÑ‡Ğ¸Ñ‚ÑŒ Ğ½Ğ¾Ğ²Ñ‹Ğ¹ Ğ¾Ğ¿Ñ‹Ñ‚! â¤ï¸â¤ï¸","Yeni seviyeler HAZIR! ğŸ‰ğŸ‰
Yepyeni bir High Heels deneyimi iÃ§in oyunu hemen gÃ¼ncelle! â¤ï¸â¤ï¸"
High Heels,PN,"First lines are titles and the second lines are descriptions.
Character limits should be:
Title: ~50 characters
Description: ~150 characters","Keep your chin up and heels HIGH! ğŸš€
Come on, girl! Show the world how to pull them heels off! ğŸ‘ ğŸ‘     ",,"(13) ar_EG, de_DE, es_ES, fr_FR, hi_IN, id_ID, it_IT, ja_JP, ko_KR, nl_NL, pt_BR, ru_RU, tr_TR",4b.  Testing Waived,"Ø§Ø±ÙØ¹ÙŠ Ø±Ø£Ø³Ùƒ ÙˆÙƒØ¹ÙˆØ¨Ùƒ Ø¹Ø§Ù„ÙŠÙ‘Ù‹Ø§! ğŸš€
Ù‡ÙŠØ§ØŒ ÙŠØ§ ÙØªØ§Ø©! Ø£Ø«Ø¨ØªÙŠ Ù„Ù„Ø¹Ø§Ù„Ù… ÙƒÙŠÙ ØªØ¨Ø¯ÙŠÙ† Ø±Ø§Ø¦Ø¹Ø© ÙÙŠ Ù‡Ø°Ù‡ Ø§Ù„ÙƒØ¹ÙˆØ¨! ğŸ‘ ğŸ‘ ","Bleib tapfer und laufe mit HOHEN AbsÃ¤tzen! ğŸš€
Komm schon, MÃ¤dchen! Zeige der Welt, wie man mit High Heels lÃ¤uft! ğŸ‘ ğŸ‘ ","Ten la cabeza bien alta... Â¡y los tacones tambiÃ©n! ğŸš€
Â¡Vamos, cari! Â¡DemuÃ©strale al mundo que nadie lleva tacones como tÃº! ğŸ‘ ğŸ‘ ","Gardez la tÃªte haute et vos talons aussi ! ğŸš€
Allez, ma fille ! Montrez au monde comment porter des talons avec classe ! ğŸ‘ ğŸ‘ ","à¤…à¤ªà¤¨à¥€ à¤¨à¤œà¤¼à¤°à¥‡à¤‚ à¤¸à¤¾à¤®à¤¨à¥‡ à¤°à¤–à¥‡à¤‚ à¤”à¤° à¤¹à¥€à¤²à¥à¤¸ à¤¹à¤¾à¤¯! ğŸš€
à¤¦à¥‡à¤° à¤•à¤¿à¤¸ à¤¬à¤¾à¤¤ à¤•à¥€ à¤¹à¥ˆ, à¤²à¤¡à¤¼à¤•à¤¿à¤¯à¥‹à¤‚ à¤¶à¥à¤°à¥‚ à¤¹à¥‹ à¤œà¤¾à¤“! à¤¦à¥à¤¨à¤¿à¤¯à¤¾ à¤•à¥‹ à¤¦à¤¿à¤–à¤¾ à¤¦à¥‹ à¤•à¤¿ à¤¹à¥€à¤²à¥à¤¸ à¤¸à¥‡ à¤¦à¥à¤¨à¤¿à¤¯à¤¾ à¤ªà¤° à¤•à¥ˆà¤¸à¥‡ à¤°à¤¾à¤œ à¤•à¤¿à¤¯à¤¾ à¤œà¤¾ à¤¸à¤•à¤¤à¤¾ à¤¹à¥ˆ! ğŸ‘ ğŸ‘ ","Angkat dagumu dan HAK TINGGI-mu! ğŸš€
Ayo, ratu! Tunjukkan pada dunia cara memakai hak tinggi! ğŸ‘ ğŸ‘ ","A testa alta e tacchi ALTISSIMI! ğŸš€
Dai che ce la fai, ragazza! Fai vedere al mondo come si cammina sui tacchi! ğŸ‘ ğŸ‘ ","å„ªé›…ã«æ­©ããªãŒã‚‰ãƒã‚¤ãƒ’ãƒ¼ãƒ«ã‚’é›†ã‚ã¦ï¼ğŸš€
ã‚ãªãŸãªã‚‰ã§ãã‚‹ã‚ï¼ ã‚ãªãŸã®ãƒã‚¤ãƒ’ãƒ¼ãƒ«ã‚’è‡ªæ…¢ã—ã¾ã—ã‚‡ã†ï¼ğŸ‘ ğŸ‘ ","ë‹¹ë‹¹í•˜ê²Œ íì„ ë†’ì´ì„¸ìš”! ğŸš€
í˜ë‚´ìš”! ì„¸ìƒì— í•˜ì´íì„ ë½ë‚´ì„¸ìš”! ğŸ‘ ğŸ‘ ","Hou je kin en hakken HOOG! ğŸš€
Come on, girl! Laat de wereld zien hoe goed deze hakken je staan! ğŸ‘ ğŸ‘ ","CabeÃ§a erguida e salto bem ALTO! ğŸš€
Venha arrasar e mostrar ao mundo que vocÃª segura esse salto! ğŸ‘ ğŸ‘ ","ĞŸĞ¾Ğ´Ğ±Ğ¾Ñ€Ğ¾Ğ´Ğ¾Ğº Ğ²Ñ‹ÑˆĞµ, ĞºĞ°Ğ±Ğ»ÑƒĞºĞ¸ â€” Ğ•Ğ©Ğ• Ğ’Ğ«Ğ¨Ğ•! ğŸš€
Ğ’Ğ¿ĞµÑ€ĞµĞ´, Ğ´ĞµÑ‚ĞºĞ°! ĞŸĞ¾ĞºĞ°Ğ¶Ğ¸Ñ‚Ğµ Ğ¼Ğ¸Ñ€Ñƒ, ĞºÑ‚Ğ¾ Ñ‚ÑƒÑ‚ Ğ±Ğ¾Ğ³Ğ¸Ğ½Ñ Ğ½Ğ° ĞºĞ°Ğ±Ğ»ÑƒĞºĞ°Ñ…! ğŸ‘ ğŸ‘ ","BaÅŸÄ±nÄ± dik, topuklarÄ±nÄ± YÃœKSEK tut! ğŸš€
Hadi kÄ±zÄ±m! DÃ¼nyaya bu topuklarÄ±n nasÄ±l giyileceÄŸini gÃ¶ster! ğŸ‘ ğŸ‘ "
High Heels,PN,"First lines are titles and the second lines are descriptions.
Character limits should be:
Title: ~50 characters
Description: ~150 characters","It's time to show yourself on the podium! ğŸ”¥ğŸ”¥

Amaze them with your CAT WALK! ğŸ‘ ğŸ‘ ",,"(14) ar_EG, de_DE, es_ES, fr_FR, hi_IN, id_ID, it_IT, ja_JP, ko_KR, nl_NL, pt_BR, ru_RU, tr_TR, zh_CN",4b.  Testing Waived,"Ø£Ø³ØªØ¹Ø±Ø¶ÙŠ Ø¹Ù„Ù‰ Ø§Ù„Ù…Ù†ØµØ© ğŸ”¥ğŸ”¥

Ø§Ø°Ù‡Ù„ÙŠÙ‡Ù… Ø¨Ù…Ø´ÙŠØ© Ø§Ù„Ø¹Ø§Ø±Ø¶Ø§Øª! ğŸ‘ ğŸ‘ ","Es ist Zeit, dich auf dem Podest zu zeigen! ğŸ”¥ğŸ”¥

Verzaubere sie mit deinem CATWALK! ğŸ‘ ğŸ‘ ","Â¡Es hora de alcanzar el podio! ğŸ”¥ğŸ”¥

Desfila y deja a todo el mundo alucinado. ğŸ‘ ğŸ‘ ","Il est temps de monter sur l'estrade ! ğŸ”¥ğŸ”¥

Montrez-leur comment on dÃ©file ! ğŸ‘ ğŸ‘ ","à¤…à¤¬ à¤¸à¤®à¤¯ à¤† à¤—à¤¯à¤¾ à¤¹à¥ˆ à¤–à¥à¤¦ à¤•à¥‹ à¤¸à¥à¤Ÿà¥‡à¤œ à¤ªà¤° à¤¸à¤¾à¤¬à¤¿à¤¤ à¤•à¤°à¤¨à¥‡ à¤•à¤¾! ğŸ”¥ğŸ”¥

à¤…à¤ªà¤¨à¥€ à¤•à¥ˆà¤Ÿ à¤µà¥‰à¤• à¤¸à¥‡ à¤¸à¤¬à¤•à¥‹ à¤¹à¥ˆà¤°à¤¾à¤¨ à¤•à¤° à¤¦à¥‡à¤‚! ğŸ‘ ğŸ‘ ","Saatnya untuk menunjukkan diri di podium! ğŸ”¥ğŸ”¥

Buat mereka kagum dengan PERAGAAN khasmu! ğŸ‘ ğŸ‘ ","Ãˆ giunto il momento di salire sul podio! ğŸ”¥ğŸ”¥
 
Affascinali tutti con la tua CAMMINATA DA PASSERELLA! ğŸ‘ ğŸ‘ ","è¡¨å½°å°ã«ä¸ŠãŒã‚‹æ™‚é–“ã‚ˆï¼ğŸ”¥ğŸ”¥

ãƒ©ãƒ³ã‚¦ã‚§ã‚¤ã‚’æ­©ã„ã¦ã€è¦³å®¢ã‚’æ²¸ã‹ã›ã¾ã—ã‚‡ã†ï¼ğŸ‘ ğŸ‘ ","ì‹œìƒëŒ€ì— ì˜¤ë¥¼ ì‹œê°„! ğŸ”¥ğŸ”¥

ë†€ë¼ìš´ ìº£ì›Œí¬ë¥¼ ì„ ë³´ì´ì„¸ìš”! ğŸ‘ ğŸ‘ ","Laat je van je beste kant zien op het podium! ğŸ”¥ğŸ”¥

LOOP ALS EEN DIVA en verbaas iedereen! ğŸ‘ ğŸ‘ ","Ã‰ hora de se exibir no pÃ³dio! ğŸ”¥ğŸ”¥

Surpreenda na PASSARELA! ğŸ‘ ğŸ‘ ","ĞŸĞ¾Ñ€Ğ° Ğ¿Ğ¾ĞºĞ°Ğ·Ğ°Ñ‚ÑŒ ÑĞµĞ±Ñ Ğ½Ğ° Ğ¿Ğ¾Ğ´Ğ¸ÑƒĞ¼Ğµ! ğŸ”¥ğŸ”¥

ĞŸĞ°Ñ€Ğ°Ğ·Ğ¸Ñ‚Ğµ Ğ²ÑĞµÑ… ÑĞ²Ğ¾ĞµĞ¹ ĞšĞĞ¨ĞĞ§Ğ¬Ğ•Ğ™ ĞŸĞĞ¥ĞĞ”ĞšĞĞ™! ğŸ‘ ğŸ‘ ","Podyumda kendini gÃ¶sterme vakti! ğŸ”¥ğŸ”¥

PODYUM YÃœRÃœYÃœÅÃœNLE onlarÄ± ÅŸaÅŸÄ±rt! ğŸ‘ ğŸ‘ "
High Heels,PN,"First lines are titles and the second lines are descriptions.
Character limits should be:
Title: ~50 characters
Description: ~150 characters","Let's see what you can do! ğŸ’ğŸ¼â€â™€ï¸

Are you skilled enough to avoid obstacles with high heels? ğŸ‘ ğŸ‘ ",,"(14) ar_EG, de_DE, es_ES, fr_FR, hi_IN, id_ID, it_IT, ja_JP, ko_KR, nl_NL, pt_BR, ru_RU, tr_TR, zh_CN",4b.  Testing Waived,"Ù„Ù†Ø±Ù Ù…Ø§ ÙŠÙ…ÙƒÙ†ÙƒÙ Ø§Ù„Ù‚ÙŠØ§Ù… Ø¨Ù‡! ğŸ’ğŸ¼â€â™€ï¸

Ù‡Ù„ Ø£Ù†ØªÙ Ù…Ø­ØªØ±ÙØ© Ø¨Ù…Ø§ ÙŠÙƒÙÙŠ Ù„ØªØªØ¬Ù†Ø¨ÙŠ Ø§Ù„Ø¹ÙˆØ§Ø¦Ù‚ Ø¨ÙŠÙ†Ù…Ø§ ØªØ±ØªØ¯ÙŠÙ† Ø­Ø°Ø§Ø¡Ù‹ Ø°Ø§ ÙƒØ¹Ø¨ Ø¹Ø§Ù„ÙØŸ ğŸ‘ ğŸ‘ ","Zeig, was du kannst! ğŸ’ğŸ¼â€â™€ï¸

Bist du gut genug, um Hindernissen mit High Heels auszuweichen? ğŸ‘ ğŸ‘ ","Â¡Veamos quÃ© puedes hacer! ğŸ’ğŸ¼â€â™€ï¸

Â¿Se te da lo suficientemente bien ir en tacones como para evitar los obstÃ¡culos? ğŸ‘ ğŸ‘ ","Voyons ce dont vous Ãªtes capable ! ğŸ’ğŸ¼â€â™€ï¸

Avez-vous assez de talent pour esquiver les obstacles avec des hauts talons ? ğŸ‘ ğŸ‘ ","à¤†à¤‡à¤ à¤¦à¥‡à¤–à¤¤à¥‡ à¤¹à¥ˆà¤‚ à¤•à¤¿ à¤†à¤ª à¤®à¥‡à¤‚ à¤•à¤¿à¤¤à¤¨à¤¾ à¤¦à¤® à¤¹à¥ˆ! ğŸ’ğŸ¼â€â™€ï¸

à¤•à¥à¤¯à¤¾ à¤†à¤ª à¤¹à¤¾à¤ˆ à¤¹à¥€à¤²à¥à¤¸ à¤ªà¤¹à¤¨à¤•à¤° à¤†à¤¨à¥‡ à¤µà¤¾à¤²à¥€ à¤¬à¤¾à¤§à¤¾à¤“à¤‚ à¤•à¥‹ à¤ªà¤¾à¤° à¤•à¤° à¤¸à¤•à¤¤à¥‡ à¤¹à¥ˆà¤‚? ğŸ‘ ğŸ‘ ","Tunjukkan kemampuanmu! ğŸ’ğŸ¼â€â™€ï¸

Apakah kamu cukup ahli menghindari rintangan dengan hak tinggi? ğŸ‘ ğŸ‘ ","Vediamo cosa sai fare! ğŸ’ğŸ¼â€â™€ï¸
 
Sai evitare gli ostacoli anche con i tacchi alti? ğŸ‘ ğŸ‘ ","ã‚ãªãŸã®å®ŸåŠ›ã‚’è¦‹ã›ã¦ï¼ğŸ’ğŸ¼â€â™€ï¸

ã‚ãªãŸã¯ãƒã‚¤ãƒ’ãƒ¼ãƒ«ã‚’å±¥ã„ãŸã¾ã¾ã§éšœå®³ç‰©ã‚’ä¹—ã‚Šè¶Šãˆã‚‰ã‚Œã‚‹ï¼ŸğŸ‘ ğŸ‘ ","ì‹¤ë ¥ ì¢€ ë³¼ê¹Œìš”? ğŸ’ğŸ¼â€â™€ï¸

í•˜ì´íë¡œ ì¥ì• ë¬¼ì„ í”¼í•  ìˆ˜ ìˆì„ê¹Œìš”? ğŸ‘ ğŸ‘ ","Laat zien wat je in je mars hebt! ğŸ’ğŸ¼â€â™€ï¸

Lukt het jou om op hoge hakken obstakels te vermijden? ğŸ‘ ğŸ‘ ","Mostre do que vocÃª Ã© capaz! ğŸ’ğŸ¼â€â™€ï¸

Consegue desviar dos obstÃ¡culos de salto alto? ğŸ‘ ğŸ‘ ","ĞŸĞ¾ÑĞ¼Ğ¾Ñ‚Ñ€Ğ¸Ğ¼, Ğ½Ğ° Ñ‡Ñ‚Ğ¾ Ğ²Ñ‹ ÑĞ¿Ğ¾ÑĞ¾Ğ±Ğ½Ñ‹! ğŸ’ğŸ¼â€â™€ï¸

Ğ¡ÑƒĞ¼ĞµĞµÑ‚Ğµ Ğ»Ğ¸ Ğ²Ñ‹ Ğ¸Ğ·Ğ±ĞµĞ¶Ğ°Ñ‚ÑŒ Ğ¿Ñ€ĞµĞ¿ÑÑ‚ÑÑ‚Ğ²Ğ¸Ğ¹ Ğ½Ğ° Ğ²Ñ‹ÑĞ¾ĞºĞ¸Ñ… ĞºĞ°Ğ±Ğ»ÑƒĞºĞ°Ñ…? ğŸ‘ ğŸ‘ ","Neler yapabileceÄŸini gÃ¶relim! ğŸ’ğŸ¼â€â™€ï¸

YÃ¼ksek topuklularla engelleri atlatacak kadar yetenekli misin? ğŸ‘ ğŸ‘ "
High Heels,PN,"First lines are titles and the second lines are descriptions.
Character limits should be:
Title: ~50 characters
Description: ~150 characters","Ready to shine with your Dream Pairs? ğŸ‘ ğŸ‘ 
Find the perfect pair of heels for you and shine on the podium! âœ¨ğŸ’–",,"(14) ar_EG, de_DE, es_ES, fr_FR, hi_IN, id_ID, it_IT, ja_JP, ko_KR, nl_NL, pt_BR, ru_RU, tr_TR, zh_CN",4b.  Testing Waived,"Ù‡Ù„ Ø£Ù†ØªÙ Ù…Ø³ØªØ¹Ø¯Ø© Ù„ØªØªØ£Ù„Ù‚ÙŠ Ø¨Ø­Ø°Ø§Ø¡ Ø£Ø­Ù„Ø§Ù…ÙƒÙØŸ ğŸ‘ ğŸ‘ 

Ø§Ø¹Ø«Ø±ÙŠ Ø¹Ù„Ù‰ Ø§Ù„Ø²ÙˆØ¬ Ø§Ù„Ù…Ø«Ø§Ù„ÙŠ Ù…Ù† Ø§Ù„Ø£Ø­Ø°ÙŠØ© Ø°Ø§Øª Ø§Ù„ÙƒØ¹Ø¨ Ø§Ù„Ø¹Ø§Ù„ÙŠØŒ Ù„ØªØªØ£Ù„Ù‚ÙŠ Ø¹Ù„Ù‰ Ø§Ù„Ù…Ù†ØµØ©! âœ¨ğŸ’–","Bist du bereit, mit deinem Traumpaar zu strahlen? ğŸ‘ ğŸ‘ 

Finde das perfekte Paar Schuhe und glÃ¤nze auf dem Podest! âœ¨ğŸ’–","Â¿Te apetece brillar con tus tacones de infarto? ğŸ‘ ğŸ‘ 

Encuentra tus tacones ideales Â¡y brilla en el podio! âœ¨ğŸ’–","Brillez avec votre paire de rÃªve ! ğŸ‘ ğŸ‘ 

Trouvez la paire de talons parfaite et devenez la star de l'estrade ! âœ¨ğŸ’–","à¤…à¤ªà¤¨à¥‡ à¤¸à¤ªà¤¨à¥‹à¤‚ à¤•à¥€ à¤¹à¥€à¤²à¥à¤¸ à¤ªà¤¹à¤¨à¤•à¤° à¤‰à¥œà¤¨à¥‡ à¤•à¥‡ à¤²à¤¿à¤ à¤¤à¥ˆà¤¯à¤¾à¤° à¤¹à¥ˆà¤‚? ğŸ‘ ğŸ‘ 

à¤…à¤ªà¤¨à¥‡ à¤²à¤¿à¤ à¤ªà¤°à¥à¥‡à¤•à¥à¤Ÿ à¤¹à¥€à¤²à¥à¤¸ à¤¢à¥‚à¤‚à¤¢à¥‡à¤‚ à¤”à¤° à¤¸à¥à¤Ÿà¥‡à¤œ à¤ªà¤° à¤›à¤¾ à¤œà¤¾à¤à¤‚! âœ¨ğŸ’–","Siap bersinar dengan Sepatu Impian? ğŸ‘ ğŸ‘ 

Temukan hak tinggi yang sempurna untukmu dan bersinarlah di podium! âœ¨ğŸ’–","Pronta a risplendere col tuo paio da sogno? ğŸ‘ ğŸ‘ 
 
Trova il paio di scarpe perfette per farti risplendere sul podio! âœ¨ğŸ’–","å¤¢ã®ä¸€è¶³ã‚’å±¥ã„ã¦ã€è¼ãæº–å‚™ã¯ã„ã„ï¼ŸğŸ‘ ğŸ‘ 

æœ€é«˜ã®ãƒã‚¤ãƒ’ãƒ¼ãƒ«ã‚’è¦‹ã¤ã‘ã¦ã€è¡¨å½°å°ã§è¼ãã¾ã—ã‚‡ã†ï¼âœ¨ğŸ’–","ê¿ˆê¾¸ë˜ í•˜ì´íë¡œ ë¹›ë‚˜ë³´ì‹¤ë˜ìš”? ğŸ‘ ğŸ‘ 

ë‚˜ë§Œì„ ìœ„í•œ ì™„ë²½í•œ íì„ ì°¾ê³  ì‹œìƒëŒ€ì— ì˜¤ë¥´ì„¸ìš”! âœ¨ğŸ’–","Klaar om te schitteren met je droomschoenen? ğŸ‘ ğŸ‘ 

Vind het perfecte paar hakken en schitter als een ster op het podium! âœ¨ğŸ’–","Que tal brilhar com os sapatos dos seus sonhos? ğŸ‘ ğŸ‘ 

Encontre o par perfeito e brilhe no pÃ³dio! âœ¨ğŸ’–","ĞÑˆĞµĞ»Ğ¾Ğ¼Ğ¸Ñ‚Ğµ Ğ²ÑĞµÑ… Ğ¸Ğ´ĞµĞ°Ğ»ÑŒĞ½Ğ¾Ğ¹ Ğ¿Ğ°Ñ€Ğ¾Ğ¹ Ğ¾Ğ±ÑƒĞ²Ğ¸! ğŸ‘ ğŸ‘ 

ĞÑ‚Ñ‹Ñ‰Ğ¸Ñ‚Ğµ Ğ¿Ğ¾Ğ´Ñ…Ğ¾Ğ´ÑÑ‰Ğ¸Ğµ ĞºĞ°Ğ±Ğ»ÑƒĞºĞ¸ Ğ¸ ÑĞ¸ÑĞ¹Ñ‚Ğµ Ğ½Ğ° Ğ¿Ğ¾Ğ´Ğ¸ÑƒĞ¼Ğµ! âœ¨ğŸ’–","Hayallerindeki AyakkabÄ± Ã‡iftiyle Ä±ÅŸÄ±ldamaya hazÄ±r mÄ±sÄ±n? ğŸ‘ ğŸ‘ 

Senin iÃ§in mÃ¼kemmel olan topuklu Ã§iftini bul ve podyumda Ä±ÅŸÄ±lda! âœ¨ğŸ’–"
High Heels,PN,"First lines are titles and the second lines are descriptions.
Character limits should be:
Title: ~50 characters
Description: ~150 characters","Show off your style! ğŸ’–ğŸ’–
Combine your outfit with your heels and walk the podium! ğŸ‘ ğŸ‘—",,"(14) ar_EG, de_DE, es_ES, fr_FR, hi_IN, id_ID, it_IT, ja_JP, ko_KR, nl_NL, pt_BR, ru_RU, tr_TR, zh_CN",4b.  Testing Waived,"ØªØ¨Ø§Ù‡ÙŠ Ø¨Ø£Ø³Ù„ÙˆØ¨ÙƒÙ! ğŸ’–ğŸ’–

Ø§Ø±ØªØ¯ÙŠ Ø²ÙŠÙ‘ÙÙƒÙ Ø­Ø°Ø§Ø¡Ùƒ Ø°Ø§ Ø§Ù„ÙƒØ¹Ø¨ Ø§Ù„Ø¹Ø§Ù„ÙŠØŒ ÙˆØ³ÙŠØ±ÙŠ Ø¹Ø¨Ø± Ù…Ù†ØµØ©! ğŸ‘ ğŸ‘—","Zeige deinen Stil! ğŸ’–ğŸ’–

Stimme dein Outfit auf deine Schuhe ab und gehe auf dem Laufsteg! ğŸ‘ ğŸ‘—","Â¡Presume de estilazo! ğŸ’–ğŸ’–

Combina ropa y tacones Â¡y desfila por el podio! ğŸ‘ ğŸ‘—","Affichez votre style ! ğŸ’–ğŸ’–

Assortissez votre tenue Ã  vos talons et marchez sur l'estrade ! ğŸ‘ ğŸ‘—","à¤…à¤ªà¤¨à¤¾ à¤¸à¥à¤Ÿà¤¾à¤‡à¤² à¤¶à¥‹ à¤‘à¥ à¤•à¤°à¥‡à¤‚! ğŸ’–ğŸ’–

à¤…à¤ªà¤¨à¥€ à¤¹à¥€à¤²à¥à¤¸ à¤•à¥‡ à¤¸à¤¾à¤¥ à¤…à¤ªà¤¨à¤¾ à¤‘à¤‰à¤Ÿà¤«à¤¼à¤¿à¤Ÿ à¤®à¥ˆà¤š à¤•à¤°à¥‡à¤‚ à¤”à¤° à¤¸à¥à¤Ÿà¥‡à¤œ à¤ªà¤° à¤µà¥‰à¤• à¤•à¤°à¥‡à¤‚! ğŸ‘ ğŸ‘—","Pamerkan gayamu! ğŸ’–ğŸ’–

Gabungkan baju dan hak tinggimu, lalu berjalanlah di podium! ğŸ‘ ğŸ‘—","Mostra a tutti il tuo stile! ğŸ’–ğŸ’–
 
Combina l'outfit al tacco giusto e sfoggiali sul podio! ğŸ‘ ğŸ‘—","ã‚ãªãŸã®ã‚»ãƒ³ã‚¹ã‚’è‡ªæ…¢ã—ã¾ã—ã‚‡ã†ï¼ğŸ’–ğŸ’–

ã‚ªã‚·ãƒ£ãƒ¬ãªæœã¨ãƒã‚¤ãƒ’ãƒ¼ãƒ«ã‚’é¸ã‚“ã§ã€è¡¨å½°å°ã‚’æ­©ãã®ã‚ˆï¼ğŸ‘ ğŸ‘—","ìŠ¤íƒ€ì¼ì„ ë½ë‚´ì„¸ìš”! ğŸ’–ğŸ’–

í•˜ì´íê³¼ ì˜ìƒì„ ê°–ì¶”ê³  ì‹œìƒëŒ€ì— ì˜¤ë¥´ì„¸ìš”! ğŸ‘ ğŸ‘—","Steel de show met je stijl! ğŸ’–ğŸ’–

Combineer je outfit met je hakken en loop over het podium! ğŸ‘ ğŸ‘—","Mostre seu estilo! ğŸ’–ğŸ’–

Combine a roupa com os sapatos e desfile atÃ© o pÃ³dio! ğŸ‘ ğŸ‘—","ĞŸÑ€Ğ¾Ğ´ĞµĞ¼Ğ¾Ğ½ÑÑ‚Ñ€Ğ¸Ñ€ÑƒĞ¹Ñ‚Ğµ ÑÑ‚Ğ¸Ğ»ÑŒ! ğŸ’–ğŸ’–

ĞŸĞ¾Ğ´Ğ±ĞµÑ€Ğ¸Ñ‚Ğµ Ñ‚ÑƒÑ„Ğ»Ğ¸ Ğ¸ Ğ¾Ğ´ĞµĞ¶Ğ´Ñƒ Ğ¸ Ğ¿Ğ¾ĞºĞ¾Ñ€Ğ¸Ñ‚Ğµ Ğ¿Ğ¾Ğ´Ğ¸ÑƒĞ¼! ğŸ‘ ğŸ‘—","TarzÄ±nÄ± gÃ¶ster! ğŸ’–ğŸ’–

KÄ±yafetini topuklularÄ±nla birleÅŸtir ve podyumda yÃ¼rÃ¼! ğŸ‘ ğŸ‘—"
High Heels,PN,"First lines are titles and the second lines are descriptions.
Character limits should be:
Title: ~50 characters
Description: ~150 characters","You've got heels to collect! ğŸ‘ ğŸ‘ 

Get higher off the ground with your fancy shoes.  ",,"(14) ar_EG, de_DE, es_ES, fr_FR, hi_IN, id_ID, it_IT, ja_JP, ko_KR, nl_NL, pt_BR, ru_RU, tr_TR, zh_CN",4b.  Testing Waived,"Ù„Ø¯ÙŠÙƒÙ Ø£Ø­Ø°ÙŠØ©ÙŒ Ø°Ø§Øª ÙƒØ¹ÙˆØ¨ Ø¹Ø§Ù„ÙŠØ© Ù„ØªØ¬Ù…Ø¹ÙŠÙ‡Ø§! ğŸ‘ ğŸ‘ 

Ø§Ø±ØªÙ‚ÙŠ Ø¹Ù† Ø§Ù„Ø£Ø±Ø¶ Ø¨Ø£Ø­Ø°ÙŠØªÙƒ Ø§Ù„Ø£Ù†ÙŠÙ‚Ø©.","Du kannst dir Schuhe abholen! ğŸ‘ ğŸ‘ 

Hebe ab mit deinen schicken Schuhen.","Â¡Tienes tacones que recoger! ğŸ‘ ğŸ‘ 

Ãlzate cada vez mÃ¡s con tus elegantes zapatos.","Il y a des talons Ã  obtenir ! ğŸ‘ ğŸ‘ 

Prenez encore plus de hauteur avec vos chic souliers.","à¤†à¤ªà¤•à¥‡ à¤ªà¤¾à¤¸ à¤•à¤²à¥‡à¤•à¥à¤Ÿ à¤•à¤°à¤¨à¥‡ à¤•à¥‡ à¤²à¤¿à¤ à¤¹à¥ˆà¤‚ à¤¹à¥€à¤²à¥à¤¸! ğŸ‘ ğŸ‘ 

à¤…à¤ªà¤¨à¥€ à¥à¥ˆà¤‚à¤¸à¥€ à¤¹à¥€à¤²à¥à¤¸ à¤•à¥‡ à¤¸à¤¾à¤¥ à¤†à¤¸à¤®à¤¾à¤¨ à¤•à¥‹ à¤›à¥‚ à¤²à¥‡à¤‚.","Ada hak tinggi yang bisa dikoleksi! ğŸ‘ ğŸ‘ 

Makin melambung dengan sepatu mewahmu.","Hai dei tacchi da ritirare! ğŸ‘ ğŸ‘ 

Lasciati slanciare dalle tue splendide scarpe.","ãƒã‚¤ãƒ’ãƒ¼ãƒ«ã‚’é›†ã‚ãªãã¡ã‚ƒï¼ğŸ‘ ğŸ‘ 

ã‚ªã‚·ãƒ£ãƒ¬ãªãƒ’ãƒ¼ãƒ«ã‚’ä½•è¶³ã‚‚é‡ã­ã¦å±¥ãã®ã‚ˆã€‚","íì„ ëª¨ìœ¼ì„¸ìš”! ğŸ‘ ğŸ‘ 

ë©‹ì§„ íë¡œ ë” ë†’ì´ ì˜¬ë¼ë³´ì„¸ìš”.","Verzamel de hakken! ğŸ‘ ğŸ‘ 

Kom hoger van de vloer met je mooie schoenen.","VocÃª tem sapatos para coletar! ğŸ‘ ğŸ‘ 

Suba no salto com seus sapatinhos elegantes.","ĞšĞ°Ğ±Ğ»ÑƒĞºĞ¸ Ğ¿Ñ€Ğ¾ÑÑÑ‚ÑÑ Ğ² ĞºĞ¾Ğ»Ğ»ĞµĞºÑ†Ğ¸Ñ! ğŸ‘ ğŸ‘ 

Ğ’Ğ¾ÑĞ¿Ğ°Ñ€Ğ¸Ñ‚Ğµ Ğ½Ğ°Ğ´ Ğ·ĞµĞ¼Ğ»ĞµĞ¹ Ñ Ğ´Ğ¸Ğ²Ğ½Ñ‹Ğ¼Ğ¸ ĞºĞ°Ğ±Ğ»ÑƒĞºĞ°Ğ¼Ğ¸.","Toplaman gereken topuklar var! ğŸ‘ ğŸ‘ 

SÃ¼slÃ¼ ayakkabÄ±larÄ±nla zeminden daha da yÃ¼ksel."
High Heels,PN,"First lines are titles and the second lines are descriptions.
Character limits should be:
Title: ~50 characters
Description: ~150 characters","Up for a challenge? ğŸ’¥
Choose your challenge and rise on your heels! ğŸ‘ ",,"(14) ar_EG, de_DE, es_ES, fr_FR, hi_IN, id_ID, it_IT, ja_JP, ko_KR, nl_NL, pt_BR, ru_RU, tr_TR, zh_CN",4a. Signed Off,"Ù‡Ù„ Ø£Ù†ØªÙ Ø¬Ø§Ù‡Ø²Ø© Ù„Ù„ØªØ­Ø¯ÙŠØŸ ğŸ’¥
Ø§Ø®ØªØ§Ø±ÙŠ Ø§Ù„ØªØ­Ø¯ÙŠ Ø§Ù„Ø®Ø§Øµ Ø¨ÙƒÙØŒ ÙˆØ§ØµØ¹Ø¯ÙŠ Ø¨Ø­Ø°Ø§Ø¦Ùƒ Ø§Ù„Ø¹Ø§Ù„ÙŠ Ø¥Ù„Ù‰ Ø§Ù„Ù‚Ù…Ø©! ğŸ‘ ","Bereit fÃ¼r eine Herausforderung? ğŸ’¥
WÃ¤hle deine Herausforderung und wachse Ã¼ber dich hinaus! ğŸ‘ ","Â¿Te apetece un desafÃ­o? ğŸ’¥
Elige tu reto Â¡y ponte los tacones! ğŸ‘ ","En quÃªte de dÃ©fi ? ğŸ’¥
Choisis ton adversaire et monte sur tes talons ! ğŸ‘ ","à¤šà¥ˆà¤²à¥‡à¤‚à¤œ à¤•à¥‡ à¤²à¤¿à¤ à¤¤à¥ˆà¤¯à¤¾à¤° à¤¹à¥‹? ğŸ’¥
à¤…à¤ªà¤¨à¤¾ à¤šà¥ˆà¤²à¥‡à¤‚à¤œ à¤šà¥à¤¨à¥‹ à¤”à¤° à¤¹à¥€à¤²à¥à¤¸ à¤•à¥‡ à¤¸à¤¹à¤¾à¤°à¥‡ à¤Šà¤‚à¤šà¤¾à¤ˆà¤¯à¥‹à¤‚ à¤•à¥‹ à¤›à¥à¤“! ğŸ‘ ","Siap menghadapi tantangan? ğŸ’¥
Pilih tantanganmu dan berdiri di atas sepatu hak tinggi! ğŸ‘ ","Ti va una sfida? ğŸ’¥
Scegli la tua sfida e inforca i tacchi! ğŸ‘ ","æŒ‘æˆ¦ã—ã¦ã¿ã¾ã›ã‚“ã‹ï¼ŸğŸ’¥
ãƒãƒ£ãƒ¬ãƒ³ã‚¸ã‚’é¸ã‚“ã§ã€ãƒã‚¤ãƒ’ãƒ¼ãƒ«ã‚’é›†ã‚ã¾ã—ã‚‡ã†ï¼ğŸ‘ ","ì±Œë¦°ì§€ì— ë„ì „í•˜ì‹œê² ì–´ìš”? ğŸ’¥
ì±Œë¦°ì§€ë¥¼ ì„ íƒí•˜ê³  íì„ ì‹ ìœ¼ì„¸ìš”! ğŸ‘ ","Zin in een uitdaging? ğŸ’¥
Kies je uitdaging en laat je hakken groeien! ğŸ‘ ","Quer um desafio? ğŸ’¥
Escolha seu desafio e suba no salto! ğŸ‘ ","Ğ“Ğ¾Ñ‚Ğ¾Ğ²Ñ‹ Ğº Ğ¸ÑĞ¿Ñ‹Ñ‚Ğ°Ğ½Ğ¸Ñ? ğŸ’¥
Ğ’Ñ‹Ğ±ĞµÑ€Ğ¸Ñ‚Ğµ Ğ¸ÑĞ¿Ñ‹Ñ‚Ğ°Ğ½Ğ¸Ğµ Ğ¸ ÑÑ‚Ğ°Ğ½Ğ¾Ğ²Ğ¸Ñ‚ĞµÑÑŒ Ğ½Ğ° ĞºĞ°Ğ±Ğ»ÑƒĞºĞ¸! ğŸ‘ ","MÃ¼cadeleye hazÄ±r mÄ±sÄ±n? ğŸ’¥
MÃ¼cadeleni seÃ§ ve topuklarÄ±nda yÃ¼ksel! ğŸ‘ "
High Heels,PN,"First lines are titles and the second lines are descriptions.
Character limits should be:
Title: ~50 characters
Description: ~150 characters","Shop till you drop! ğŸ›ğŸ›
ğŸ‘¯â€â™€ï¸ Give your wardrobe an upgrade at the store ğŸ‘¯â€â™€ï¸",,"(14) ar_EG, de_DE, es_ES, fr_FR, hi_IN, id_ID, it_IT, ja_JP, ko_KR, nl_NL, pt_BR, ru_RU, tr_TR, zh_CN",4a. Signed Off,"ØªÙ…ØªØ¹ÙŠ Ø¨ØªØ¹Ø¨ Ø§Ù„ØªØ³ÙˆÙ‚! ğŸ›ğŸ›
ğŸ‘¯â€â™€ï¸Ø¯Ù„Ù„ÙŠ Ø®Ø²Ø§Ù†ØªÙƒ Ø¨Ø²ÙŠØ§Ø±Ø© Ø¥Ù„Ù‰ Ø§Ù„Ù…ØªØ§Ø¬Ø± ğŸ‘¯â€â™€ï¸","Einkaufen bis zum Umfallen! ğŸ›ğŸ›
ğŸ‘¯â€â™€ï¸ Verpasse deinem Kleiderschrank im Laden ein Upgrade ğŸ‘¯â€â™€ï¸","Â¡Compra como si no hubiera un maÃ±ana! ğŸ›ğŸ›
ğŸ‘¯â€â™€ï¸ Renueva tu vestuario en la tienda. ğŸ‘¯â€â™€ï¸","AchÃ¨te Ã  n'en plus pouvoir ! ğŸ›ğŸ›
ğŸ‘¯â€â™€ï¸ Renouvelle ta garde-robe au magasinğŸ‘¯â€â™€ï¸","à¤œà¤¬ à¤¤à¤• à¤›à¤•à¥‹ à¤¨à¤¹à¥€à¤‚, à¤¶à¥‰à¤ªà¤¿à¤‚à¤— à¤•à¤°à¥‹ à¤°à¥à¤•à¥‹ à¤¨à¤¹à¥€à¤‚! ğŸ›ğŸ›
ğŸ‘¯â€â™€ï¸ à¤¸à¥à¤Ÿà¥‹à¤° à¤ªà¤° à¤œà¤¾à¤“, à¤…à¤ªà¤¨à¤¾ à¤µà¥‰à¤°à¤¡à¥à¤°à¥‹à¤¬ à¤…à¤ªà¤—à¥à¤°à¥‡à¤¡ à¤•à¤° à¤†à¤“ ğŸ‘¯â€â™€ï¸","Belanja sampai pingsan! ğŸ›ğŸ›
ğŸ‘¯â€â™€ï¸ Perbarui bajumu di toko ğŸ‘¯â€â™€ï¸","Shopping come non ci fosse un domani! ğŸ›ğŸ›
ğŸ‘¯â€â™€ï¸ Rifatti il guardaroba al negozio ğŸ‘¯â€â™€ï¸","ä»Šæ—¥ã¯çˆ†è²·ã„ã®æ—¥ï¼ğŸ›ğŸ›
ğŸ‘¯â€â™€ï¸ã‚¹ãƒˆã‚¢ã§æ–°ã—ã„ã‚¢ã‚¤ãƒ†ãƒ ã‚’è³¼å…¥ã—ã¦ã€ã‚³ãƒ¬ã‚¯ã‚·ãƒ§ãƒ³ã«è¿½åŠ ã—ã¾ã—ã‚‡ã†ğŸ‘¯â€â™€ï¸","ì“°ëŸ¬ì§ˆ ë•Œê¹Œì§€ ì‡¼í•‘í•˜ì„¸ìš”! ğŸ›ğŸ›
ğŸ‘¯â€â™€ï¸ ìƒì ì—ì„œ ì˜·ì¥ì„ ì—…ê·¸ë ˆì´ë“œí•˜ì„¸ìš” ğŸ‘¯â€â™€ï¸","Shop till you drop! ğŸ›ğŸ›
ğŸ‘¯â€â™€ï¸ Geef je garderobe een upgrade in de winkel ğŸ‘¯â€â™€ï¸","Compre atÃ© cair! ğŸ›ğŸ›
ğŸ‘¯â€â™€ï¸ Renove seu guarda-roupa na loja ğŸ‘¯â€â™€ï¸","ĞŸĞ¾ĞºÑƒĞ¿Ğ°Ğ¹Ñ‚Ğµ, Ğ¿Ğ¾ĞºĞ° Ğ½Ğµ ÑĞ²Ğ°Ğ»Ğ¸Ñ‚ĞµÑÑŒ! ğŸ›ğŸ›
ğŸ‘¯â€â™€ï¸ ĞĞ±Ğ½Ğ¾Ğ²Ğ¸Ñ‚Ğµ Ğ³Ğ°Ñ€Ğ´ĞµÑ€Ğ¾Ğ± Ğ² Ğ¼Ğ°Ğ³Ğ°Ğ·Ğ¸Ğ½Ğµ ğŸ‘¯â€â™€ï¸","BayÄ±lana kadar alÄ±ÅŸveriÅŸe devam! ğŸ›ğŸ›
ğŸ‘¯â€â™€ï¸ MaÄŸazada dolabÄ±nÄ± yÃ¼kselt ğŸ‘¯â€â™€ï¸"
High Heels,PN,"First lines are titles and the second lines are descriptions.
Character limits should be:
Title: ~50 characters
Description: ~150 characters","Become the star of the runway ğŸŒŸ        
Catwalk your way up to the podiumâœ¨",,"(14) ar_EG, de_DE, es_ES, fr_FR, hi_IN, id_ID, it_IT, ja_JP, ko_KR, nl_NL, pt_BR, ru_RU, tr_TR, zh_CN",4a. Signed Off,"ÙƒÙˆÙ†ÙŠ Ù†Ø¬Ù…Ø© Ø¹Ø±Ø¶ Ø§Ù„Ø£Ø²ÙŠØ§Ø¡ ğŸŒŸ 
Ø§ØµØ¹Ø¯ÙŠ Ø¨Ø£Ù†Ø§Ù‚Ø© Ø¥Ù„Ù‰ Ù…Ù†ØµØ© Ø§Ù„ØªØªÙˆÙŠØ¬âœ¨","Werde zum Star des LaufstegsğŸŒŸ 
Stolziere bis zum Podestâœ¨","Â¡ConviÃ©rtete en la estrella de la pasarela! ğŸŒŸ
Desfila hasta llegar al podio. âœ¨","Deviens la star du podiumğŸŒŸ 
PrÃ©pare-toi Ã  dÃ©filer devant tout le monde âœ¨","à¤°à¤¨à¤µà¥‡ à¤•à¥‡ star à¤¤à¥à¤® à¤­à¥€ à¤¹à¥‹ à¤¸à¤•à¤¤à¥‡ à¤¹à¥‹ğŸŒŸ 
à¤ªà¥‹à¤¡à¤¿à¤¯à¤® à¤•à¥‹ à¤¸à¥à¤Ÿà¤¾à¤° à¤•à¤¾ à¤‡à¤‚à¤¤à¥›à¤¾à¤° à¤¹à¥ˆ... à¤¤à¥à¤®à¥à¤¹à¤¾à¤°à¥€ à¤•à¥ˆà¤Ÿà¤µà¥‰à¤• à¤®à¥‡à¤‚ à¤µà¥‹ à¤¬à¤¾à¤¤ à¤¹à¥‹à¤¨à¥€ à¤šà¤¾à¤¹à¤¿à¤âœ¨","Jadilah bintang panggung ğŸŒŸ 
Berjalanlah secara anggun di atas podiumâœ¨","Diventa la stella della passerella ğŸŒŸ 
Sfila fino al podioâœ¨","ãƒ©ãƒ³ã‚¦ã‚§ã‚¤ã®ä¸»å½¹ã«ãªã‚Šã¾ã—ã‚‡ã†ğŸŒŸ 
ãƒ¢ãƒ‡ãƒ«ã‚¦ã‚©ãƒ¼ã‚¯ã‚’æŠ«éœ²ã—ã¦ã€ã„ã–è¡¨å½°å°ã¸âœ¨","ëŸ°ì›¨ì´ì˜ ìŠ¤íƒ€ê°€ ë˜ì„¸ìš” ğŸŒŸ 
ìº£ì›Œí‚¹ì„ ë½ë‚´ë©° ì‹œìƒëŒ€ì˜ ì •ìƒìœ¼ë¡œ í–¥í•˜ì„¸ìš”âœ¨","Word een ster op de catwalk ğŸŒŸ 
Stap trots naar het podiumâœ¨","Seja a estrela da passarela ğŸŒŸ 
Desfile atÃ© o pÃ³dio âœ¨","Ğ¡Ñ‚Ğ°Ğ½ÑŒÑ‚Ğµ Ğ·Ğ²ĞµĞ·Ğ´Ğ¾Ğ¹ Ğ¿Ğ¾Ğ´Ğ¸ÑƒĞ¼Ğ° ğŸŒŸ 
ĞŸÑ€Ğ¾Ğ¹Ğ´Ğ¸Ñ‚ĞµÑÑŒ Ğ¿Ğ¾ Ğ¿Ğ¾Ğ´Ğ¸ÑƒĞ¼Ñƒ ĞºĞ¾ÑˆĞ°Ñ‡ÑŒĞµĞ¹ Ğ¿Ğ¾Ñ…Ğ¾Ğ´ĞºĞ¾Ğ¹âœ¨","Podyumun yÄ±ldÄ±zÄ± sen ol ğŸŒŸ 
YÃ¼rÃ¼yÃ¼ÅŸÃ¼nle podyuma yÃ¼ksel âœ¨"
High Heels,PN,"First lines are titles and the second lines are descriptions.
Character limits should be:
Title: ~50 characters
Description: ~150 characters","Diamonds are a girl's best friend ğŸ’        
Gems are waiting for you at the runway!ğŸ¤©",,"(14) ar_EG, de_DE, es_ES, fr_FR, hi_IN, id_ID, it_IT, ja_JP, ko_KR, nl_NL, pt_BR, ru_RU, tr_TR, zh_CN",4a. Signed Off,"Ø§Ù„Ø£Ù„Ù…Ø§Ø³ Ù‡Ùˆ Ø£ÙØ¶Ù„ ØµØ¯ÙŠÙ‚ Ù„Ù„ÙØªØ§Ø© ğŸ’ 
Ø§Ù„Ø¬ÙˆØ§Ù‡Ø± ÙÙŠ Ø§Ù†ØªØ¸Ø§Ø±Ùƒ Ø¹Ù†Ø¯ Ù…Ù†ØµØ© Ø§Ù„Ø¹Ø±Ø¶!ğŸ¤©","MÃ¤dchen lieben Diamanten ğŸ’ 
Edelsteine warten auf dem Laufsteg auf dich!ğŸ¤©","Â¡A las chicas les encantan los diamantes! ğŸ’
Â¡Te esperan gemas en la pasarela! ğŸ¤©","Les diamants sont nos meilleurs amis ğŸ’ 
Des gemmes t'attendent sur le podium !ğŸ¤©","à¤²à¥œà¤•à¤¿à¤¯à¥‹à¤‚ à¤•à¥‡ à¤¸à¤¬à¤¸à¥‡ à¤šà¤¹à¥‡à¤¤à¥‡ à¤¹à¥‹à¤¤à¥‡ à¤¡à¤¾à¤¯à¤®à¤‚à¤¡à¥à¤¸ğŸ’ 
à¤°à¤¨à¤µà¥‡ à¤ªà¤° à¤®à¤¿à¤²à¥‡à¤‚à¤—à¥‡... à¤¹à¥ˆ à¤œà¥‡à¤®à¥à¤¸ à¤•à¤¾ à¤µà¤¾à¤¦à¤¾ - à¤¤à¥à¤®à¥à¤¹à¤¾à¤°à¤¾ à¤‡à¤°à¤¾à¤¦à¤¾!ğŸ¤©","Berlian adalah teman terbaik wanita ğŸ’ 
Permata menunggumu di atas panggung!ğŸ¤©","I diamanti sono i migliori amici di una donna ğŸ’ 
Delle gemme ti aspettano sulla passerella!ğŸ¤©","ãƒ€ã‚¤ã‚¢ãƒ¢ãƒ³ãƒ‰ã¯å¥³ã®è¦ªå‹ğŸ’
ãƒ©ãƒ³ã‚¦ã‚§ã‚¤ã§ã‚¸ã‚§ãƒ ãŒå¾…ã£ã¦ã„ã¾ã™ã‚ˆï¼ğŸ¤©","ë‹¤ì´ì•„ëª¬ë“œëŠ” ì—¬ìì˜ ìµœê³ ì˜ ì¹œêµ¬ ğŸ’ 
ëŸ°ì›¨ì´ ìœ„ì˜ ë³´ì„ì´ ë‹¹ì‹ ì„ ê¸°ë‹¤ë ¤ìš”!ğŸ¤©","Diamonds are a girl's best friend ğŸ’ 
Edelstenen voor het oprapen op de catwalk!ğŸ¤©","Os diamantes sÃ£o eternos ğŸ’ 
Suas joias esperam na passarela! ğŸ¤©","Ğ‘Ñ€Ğ¸Ğ»Ğ»Ğ¸Ğ°Ğ½Ñ‚Ñ‹ â€” Ğ»ÑƒÑ‡ÑˆĞ¸Ğµ Ğ´Ñ€ÑƒĞ·ÑŒÑ Ğ´ĞµĞ²ÑƒÑˆĞµĞº ğŸ’ 
Ğ¡Ğ°Ğ¼Ğ¾Ñ†Ğ²ĞµÑ‚Ñ‹ Ğ¶Ğ´ÑƒÑ‚ Ğ²Ğ°Ñ Ğ½Ğ° Ğ¿Ğ¾ĞºĞ°Ğ·Ğµ!ğŸ¤©","Elmaslar bir kadÄ±nÄ±n en iyi arkadaÅŸÄ±dÄ±r ğŸ’ 
MÃ¼cevherler podyumda seni bekliyor!ğŸ¤©"
High Heels,PN,"First lines are titles and the second lines are descriptions.
Character limits should be:
Title: ~50 characters
Description: ~150 characters","âœ¨ğŸ’«Be yourself and shine! ğŸ’«âœ¨        
Never give up and keep running! ğŸ’ªğŸ‘ ",,"(14) ar_EG, de_DE, es_ES, fr_FR, hi_IN, id_ID, it_IT, ja_JP, ko_KR, nl_NL, pt_BR, ru_RU, tr_TR, zh_CN",4a. Signed Off,"âœ¨ğŸ’«ØªØ£Ù„Ù‚ÙŠ ÙƒÙ…Ø§ Ø£Ù†ØªÙ! ğŸ’«âœ¨ 
ÙˆØ§ØµÙ„ÙŠ Ø§Ù„Ø³Ø¹ÙŠØŒ ÙˆÙ„Ø§ ØªØ³ØªØ³Ù„Ù…ÙŠ! ğŸ’ªğŸ‘ ","âœ¨ğŸ’«Sei du selbst und strahle! ğŸ’«âœ¨ 
Gib nie auf und lauf weiter! ğŸ’ªğŸ‘ ","âœ¨ğŸ’« Â¡SÃ© quien eres y brilla! ğŸ’«âœ¨
Nunca te rindas Â¡y sigue corriendo! ğŸ’ªğŸ‘ ","âœ¨ğŸ’«Reste toi-mÃªme et brille ! ğŸ’«âœ¨ 
N'abandonne jamais et continue de courir ! ğŸ’ªğŸ‘ ","âœ¨ğŸ’«à¤–à¥à¤¦ à¤•à¥‹ à¤•à¤°à¥‹ à¤°à¥Œà¤¶à¤¨, à¤–à¥à¤¦ à¤¸à¥‡ à¤•à¤°à¥‹ à¤¶à¤¾à¤‡à¤¨! ğŸ’«âœ¨ 
à¤¹à¤¾à¤° à¤¨ à¤®à¤¨à¤¾à¤“, à¤šà¤²à¤¤à¥‡ à¤œà¤¾à¤“! ğŸ’ªğŸ‘ ","âœ¨ğŸ’«Jadilah diri sendiri dan bersinar! ğŸ’«âœ¨ 
Jangan menyerah dan terus berlari! ğŸ’ªğŸ‘ ","âœ¨ğŸ’«Risplendi della tua luce! ğŸ’«âœ¨ 
Non arrenderti mai e continua a correre! ğŸ’ªğŸ‘ ","âœ¨ğŸ’«è‡ªåˆ†ã‚‰ã—ãè¼ã„ã¦ï¼ğŸ’«âœ¨ 
è«¦ã‚ãšã«æ­©ãç¶šã‘ã‚‹ã®ã‚ˆï¼ğŸ’ªğŸ‘ ","âœ¨ğŸ’«ìˆëŠ” ê·¸ëŒ€ë¡œì˜ ìì‹ ì„ ë½ë‚´ì„¸ìš”! ğŸ’«âœ¨ 
ì ˆëŒ€ í¬ê¸°í•˜ì§€ ë§ê³  ê³„ì† ë‹¬ë¦¬ì„¸ìš”! ğŸ’ªğŸ‘ ","âœ¨ğŸ’«Wees jezelf en straal! ğŸ’«âœ¨ 
Geef nooit op en blijf lopen! ğŸ’ªğŸ‘ ","âœ¨ğŸ’« Seja quem vocÃª Ã© e brilhe! ğŸ’«âœ¨ 
Nunca desista. Continue correndo! ğŸ’ªğŸ‘ ","âœ¨ğŸ’«Ğ‘ÑƒĞ´ÑŒÑ‚Ğµ ÑĞ¾Ğ±Ğ¾Ğ¹ Ğ¸ ÑĞ¸ÑĞ¹Ñ‚Ğµ! ğŸ’«âœ¨ 
ĞĞµ ÑĞ´Ğ°Ğ²Ğ°Ğ¹Ñ‚ĞµÑÑŒ Ğ¸ Ğ¿Ñ€Ğ¾Ğ´Ğ¾Ğ»Ğ¶Ğ°Ğ¹Ñ‚Ğµ Ğ±ĞµĞ¶Ğ°Ñ‚ÑŒ! ğŸ’ªğŸ‘ ","âœ¨ğŸ’« Kendin ol ve parÄ±lda! ğŸ’«âœ¨ 
Asla vazgeÃ§me ve koÅŸmaya devam et! ğŸ’ªğŸ‘ "
High Heels,PN,"First lines are titles and the second lines are descriptions.
Character limits should be:
Title: ~50 characters
Description: ~150 characters","ğŸ”¥Can you reach to the podiumâ“        
Gather your breath and start running to reach the podium!ğŸš€",,"(14) ar_EG, de_DE, es_ES, fr_FR, hi_IN, id_ID, it_IT, ja_JP, ko_KR, nl_NL, pt_BR, ru_RU, tr_TR, zh_CN",4a. Signed Off,"ğŸ”¥Ù‡Ù„ ÙŠÙ…ÙƒÙ†Ùƒ Ø§Ù„ÙˆØµÙˆÙ„ Ù„Ù…Ù†ØµØ© Ø§Ù„ØªØªÙˆÙŠØ¬ØŸ 
Ø§Ø³ØªØ¬Ù…Ø¹ÙŠ Ù‚ÙˆØ§ÙƒÙ ÙˆØ§Ø¨Ø¯Ø¦ÙŠ Ø§Ù„Ø±ÙƒØ¶ Ù„Ù„Ø­Ø§Ù‚ Ø¨Ù…Ù†ØµØ© Ø§Ù„ØªØªÙˆÙŠØ¬!ğŸš€","ğŸ”¥Erreichst du das Podestâ“ 
Atme tief ein und laufe los, um das Podest zu erreichen!ğŸš€","ğŸ”¥ Â¿PodrÃ¡s alcanzar el podio? â“
Recupera el aliento Â¡y ponte a correr hasta el podio! ğŸš€","ğŸ”¥Peux-tu atteindre le podium â“ 
Respire un grand coup et commence Ã  courir pour l'atteindre !ğŸš€","ğŸ”¥à¤•à¥à¤¯à¤¾ à¤¤à¥à¤®à¤®à¥‡à¤‚ à¤ªà¥‹à¤¡à¤¿à¤¯à¤® à¤¤à¤• à¤ªà¤¹à¥à¤‚à¤šà¤¨à¥‡ à¤•à¤¾ à¤¦à¤® à¤¹à¥ˆâ“ 
à¤—à¤¹à¤°à¥€ à¤¸à¤¾à¤‚à¤¸ à¤²à¥‹, à¤°à¥‰à¤•à¥‡à¤Ÿ à¤•à¥€ à¤°à¥à¥à¤¤à¤¾à¤° à¤¸à¥‡... à¤ªà¥‹à¤¡à¤¿à¤¯à¤® à¤•à¥€ à¤“à¤° à¤¬à¥à¥‹!ğŸš€","ğŸ”¥Bisakah kamu mencapai podiumâ“ 
Siapkan napas dan mulai berlari untuk mencapai podium!ğŸš€","ğŸ”¥Sai arrivare fino al podioâ“ 
Prendi un bel respiro e inizia a correre per raggiungere il podio!ğŸš€","ğŸ”¥è¡¨å½°å°ã«å±Šãã‹ã—ã‚‰â“ 
æ¯ã‚’æ•´ãˆãŸã‚‰ã€è¡¨å½°å°ã‚’ç›®æŒ‡ã—ã¦æ­©ãå§‹ã‚ã¾ã—ã‚‡ã†ï¼ğŸš€","ğŸ”¥ë‹¹ì‹ ì€ ì‹œìƒëŒ€ì— ì˜¤ë¥¼ ìˆ˜ ìˆì„ê¹Œìš”â“ 
ìˆ¨ì„ ê³ ë¥´ê³  ë‹¬ë ¤ ì‹œìƒëŒ€ì— ì˜¤ë¥´ì„¸ìš”!ğŸš€","ğŸ”¥Kun jij het podium bereikenâ“ 
Adem in een ren naar het podium!ğŸš€","ğŸ”¥ VocÃª consegue chegar ao pÃ³dioâ“ 
Pegue fÃ´lego e comece a correr atÃ© o pÃ³dio! ğŸš€","ğŸ”¥Ğ”Ğ¾Ğ±ĞµÑ€ĞµÑ‚ĞµÑÑŒ Ğ»Ğ¸ Ğ²Ñ‹ Ğ´Ğ¾ Ğ¿Ğ¾Ğ´Ğ¸ÑƒĞ¼Ğ°â“ 
Ğ¡Ğ¾Ğ±ĞµÑ€Ğ¸Ñ‚ĞµÑÑŒ Ñ Ğ´ÑƒÑ…Ğ¾Ğ¼ Ğ¸ Ğ±ĞµĞ³Ğ¸Ñ‚Ğµ, Ñ‡Ñ‚Ğ¾Ğ±Ñ‹ Ğ´Ğ¾Ğ±Ñ€Ğ°Ñ‚ÑŒÑÑ Ğ´Ğ¾ Ğ¿Ğ¾Ğ´Ğ¸ÑƒĞ¼Ğ°!ğŸš€","ğŸ”¥ Podyuma ulaÅŸabilir misinâ“ 
Nefesini tut ve podyuma ulaÅŸmak iÃ§in koÅŸmaya baÅŸla! ğŸš€"
High Heels,PN,"First lines are titles and the second lines are descriptions.
Character limits should be:
Title: ~50 characters
Description: ~150 characters","ğŸ”¥ğŸ‘ Show them what you can do with High Heels!ğŸ‘ ğŸ”¥        
âš¡ï¸Dodge obstacles on the runway and show who's the best on the podium!ğŸ”¥",,"(14) ar_EG, de_DE, es_ES, fr_FR, hi_IN, id_ID, it_IT, ja_JP, ko_KR, nl_NL, pt_BR, ru_RU, tr_TR, zh_CN",4a. Signed Off,"ğŸ”¥ğŸ‘ Ø£Ø±ÙŠÙ‡Ù… Ù…Ù‡Ø§Ø±Ø§ØªÙƒ Ø¨Ø­Ø°Ø§Ø¦Ùƒ Ø§Ù„Ø¹Ø§Ù„ÙŠ!ğŸ‘ ğŸ”¥ 
âš¡ï¸ØªÙØ§Ø¯ÙŠ Ø§Ù„Ø¹ÙˆØ§Ø¦Ù‚ Ø¹Ù„Ù‰ Ù…Ù†ØµØ© Ø§Ù„Ø£Ø²ÙŠØ§Ø¡ØŒ ÙˆØ£Ø«Ø¨ØªÙŠ Ù„Ù‡Ù… Ù…Ù† Ø§Ù„Ø£ÙØ¶Ù„ Ø¹Ù„Ù‰ Ù…Ù†ØµØ© Ø§Ù„ØªØªÙˆÙŠØ¬!ğŸ”¥","ğŸ”¥ğŸ‘ Zeig, was du mit High Heels kannst!ğŸ‘ ğŸ”¥ 
âš¡ï¸Weiche Hindernissen auf dem Laufsteg aus und zeige allen, wer der Beste auf dem Podest ist!ğŸ”¥","ğŸ”¥ğŸ‘  Â¡Demuestra quÃ© puedes hacer en tacones! ğŸ‘ ğŸ”¥
âš¡ï¸ Esquiva obstÃ¡culos en la pasarela Â¡y demuestra quiÃ©n triunfa en el podio! ğŸ”¥","ğŸ”¥ğŸ‘ Montre-leur de quoi tu es capable !ğŸ‘ ğŸ”¥ 
âš¡ï¸ Ã‰vite les obstacles sur le podium et montre-leur qui c'est le patron !ğŸ”¥","ğŸ”¥ğŸ‘ à¤¦à¤¿à¤–à¤¾ à¤¦à¥‹ à¤‰à¤¨à¥à¤¹à¥‡à¤‚ High Heels à¤•à¥‡ à¤¸à¤¾à¤¥ à¤¤à¥à¤® à¤•à¥à¤¯à¤¾ à¤•à¤° à¤¸à¤•à¤¤à¥€ à¤¹à¥‹!ğŸ‘ ğŸ”¥ 
âš¡ï¸à¤°à¤¨à¤µà¥‡ à¤¸à¥‡ à¤¬à¤¾à¤§à¤¾à¤à¤‚ à¤¹à¤Ÿà¤¾à¤à¤‚ à¤”à¤° à¤¦à¤¿à¤–à¤¾à¤à¤ à¤•à¤¿ à¤ªà¥‹à¤¡à¤¿à¤¯à¤® à¤ªà¤° à¤•à¤¿à¤¸à¤•à¤¾ à¤¹à¤• à¤¹à¥ˆ!ğŸ”¥","ğŸ”¥ğŸ‘ Unjuk gigi dengan Hak Tinggi!ğŸ‘ ğŸ”¥ 
âš¡ï¸Hindari rintangan dan tunjukkan siapa yang terbaik di atas podium!ğŸ”¥","ğŸ”¥ğŸ‘ Fai vedere a tutti cosa sai fare!ğŸ‘ ğŸ”¥ 
âš¡ï¸Schiva gli ostacoli sulla passerella e dimostra a tutti chi Ã¨ la migliore sul podio!ğŸ”¥","ğŸ”¥ğŸ‘ ãƒã‚¤ãƒ’ãƒ¼ãƒ«ã®å¯èƒ½æ€§ã‚’ä¿¡ã˜ã¦ï¼ğŸ‘ ğŸ”¥ 
âš¡ï¸ãƒ©ãƒ³ã‚¦ã‚§ã‚¤ã«ã‚ã‚‹éšœå®³ç‰©ã‚’é¿ã‘ã¦ã€è¡¨å½°å°ã«ãµã•ã‚ã—ã„ã®ã¯èª°ã‹ã‚’è¦‹ã›ã¦ã‚ã’ã¾ã—ã‚‡ã†ï¼ğŸ”¥","ğŸ”¥ğŸ‘ í•˜ì´íì„ ì‹ ê³  ë‹¹ì‹ ì˜ ëŠ¥ë ¥ì„ ë³´ì—¬ì£¼ì„¸ìš”!ğŸ‘ ğŸ”¥ 
âš¡ï¸ëŸ°ì›¨ì´ì˜ ì¥ì• ë¬¼ì„ í”¼í•˜ê³  ì‹œìƒëŒ€ì˜ ì •ìƒì´ ëˆ„êµ¬ì˜ ê²ƒì¸ì§€ ë³´ì—¬ì£¼ì„¸ìš”!ğŸ”¥","ğŸ”¥ğŸ‘ Toon wat jij kan op hoge hakken!ğŸ‘ ğŸ”¥ 
âš¡ï¸Ontwijk obstakels op de catwalk en bereik het podium!ğŸ”¥","ğŸ”¥ğŸ‘  Mostre do que Ã© capaz de salto alto! ğŸ‘ ğŸ”¥ 
âš¡ï¸ Desvie dos obstÃ¡culos na passarela e mostre quem manda no pÃ³dio! ğŸ”¥","ğŸ”¥ğŸ‘ ĞŸĞ¾ĞºĞ°Ğ¶Ğ¸Ñ‚Ğµ, Ğ½Ğ° Ñ‡Ñ‚Ğ¾ Ğ²Ñ‹ ÑĞ¿Ğ¾ÑĞ¾Ğ±Ğ½Ñ‹ Ğ½Ğ° ĞºĞ°Ğ±Ğ»ÑƒĞºĞ°Ñ…!ğŸ‘ ğŸ”¥ 
âš¡ï¸ĞĞ±Ñ…Ğ¾Ğ´Ğ¸Ñ‚Ğµ Ğ¿Ñ€ĞµĞ¿ÑÑ‚ÑÑ‚Ğ²Ğ¸Ñ Ğ¸ Ğ¿Ğ¾ĞºĞ°Ğ¶Ğ¸Ñ‚Ğµ, ĞºÑ‚Ğ¾ Ğ»ÑƒÑ‡ÑˆĞµ Ğ²ÑĞµÑ… Ğ½Ğ° Ğ¿Ğ¾Ğ´Ğ¸ÑƒĞ¼Ğµ!ğŸ”¥","ğŸ”¥ğŸ‘ TopuklularÄ±nla yapabileceklerini gÃ¶ster!ğŸ‘ ğŸ”¥ 
âš¡ï¸ Podyumda engelleri atlat ve en iyinin kim olduÄŸunu gÃ¶ster! ğŸ”¥"